typescript,364
tslint,227
mocha,216
@types/node,200
gulp,156
webpack,140
eslint,125
karma,122
chai,115
rimraf,114
@types/mocha,110
karma-chrome-launcher,109
lodash,104
react,100
express,92
tslint-microsoft-contrib,92
del,87
jquery,85
vscode,83
react-dom,80
karma-jasmine,78
glob,78
request,75
jasmine,71
ts-loader,69
css-loader,68
@types/jasmine,67
jest,65
babel-core,64
@types/jquery,63
style-loader,62
semver,61
fs-extra,60
gulp-util,60
karma-sourcemap-loader,58
ts-node,58
coveralls,58
mkdirp,57
@types/react,57
sinon,57
moment,56
babel-preset-es2015,54
powerbi-visuals-tools,54
karma-coverage,54
gulp-typescript,54
@types/lodash,53
shelljs,52
body-parser,52
gulp-sourcemaps,52
run-sequence,51
babel-cli,50
jasmine-core,50
gulp-tslint,49
q,49
d3,49
@types/d3,48
grunt,46
@types/react-dom,46
node-sass,46
prettier,45
babel-loader,45
powerbi-visuals-utils-dataviewutils,44
yargs,44
karma-mocha,43
gulp-uglify,41
webpack-cli,41
karma-webpack,40
gulp-rename,40
webpack-dev-server,40
debug,39
rxjs,39
chalk,38
babel-eslint,38
karma-phantomjs-launcher,37
browserify,37
minimist,36
puppeteer,36
@types/jest,35
minimatch,34
cross-env,34
async,34
karma-mocha-reporter,34
npm-run-all,33
underscore,33
rollup,33
file-loader,33
typings,32
flow-bin,32
sass-loader,32
morgan,31
powerbi-models,31
gulp-concat,31
jasmine-jquery,31
@types/chai,30
powerbi-visuals-utils-typeutils,30
gulp-mocha,30
karma-typescript-preprocessor,30
istanbul,29
babel-polyfill,29
husky,29
karma-chai,29
zone.js,29
powerbi-visuals-utils-formattingutils,29
@types/fs-extra,28
xml2js,28
ts-jest,28
html-webpack-plugin,28
core-js,27
powerbi-visuals-utils-testutils,27
powerbi-visuals-utils-interactivityutils,26
@angular/compiler,26
babel-preset-env,26
@angular/core,26
http-server,26
@angular/common,26
@babel/core,26
@angular/platform-browser,26
@angular/platform-browser-dynamic,26
karma-remap-istanbul,26
eslint-plugin-import,26
phantomjs-prebuilt,25
url-loader,25
redux,25
requirejs,25
@types/jasmine-jquery,25
eslint-plugin-react,25
react-redux,25
eslint-plugin-github,25
dotenv,24
babel-jest,24
grunt-contrib-watch,24
request-promise,24
karma-firefox-launcher,24
uuid,24
powerbi-visuals-utils-svgutils,24
vinyl-source-stream,23
mocha-junit-reporter,23
colors,23
bootstrap,23
vscode-nls,23
less,23
event-stream,22
powerbi-visuals-utils-colorutils,22
nodemon,22
cookie-parser,22
react-test-renderer,22
serve-favicon,22
@angular/forms,22
sinon-chai,22
lint-staged,21
vsce,21
vsts-task-lib,21
@angular/http,21
es6-promise,21
applicationinsights,21
vscode-languageclient,21
commander,21
uglify-js,20
node-fetch,20
gulp-sass,20
rollup-plugin-node-resolve,20
bluebird,20
gulp-eslint,20
vscode-extension-telemetry,20
tmp,20
load-grunt-tasks,20
copy-webpack-plugin,20
typedoc,20
opn,19
@angular/router,19
powerbi-visuals-utils-chartutils,19
karma-junit-reporter,19
react-native,19
tape,19
jsdom,19
extract-text-webpack-plugin,19
grunt-cli,19
grunt-contrib-copy,19
lerna,18
powerbi-visuals-utils-tooltiputils,18
grunt-contrib-concat,18
botbuilder,18
grunt-contrib-uglify,18
gulp-filter,18
should,18
through2,18
grunt-contrib-jshint,18
@babel/preset-env,18
grunt-contrib-clean,18
json-loader,18
restify,18
rollup-plugin-babel,17
gulp-header,17
@types/semver,17
object-assign,17
enzyme,17
karma-coverage-istanbul-reporter,17
protractor,17
bower,17
ws,17
@angular/compiler-cli,17
react-router,17
eslint-plugin-jsx-a11y,17
temp,17
azure-storage,17
nyc,17
tfx-cli,16
reflect-metadata,16
@types/request,16
karma-typescript,16
azure-arm-resource,16
babel-preset-flow,16
@types/webpack,16
@types/sinon,16
jsonwebtoken,16
awesome-typescript-loader,16
validator,16
react-router-dom,16
eslint-plugin-prettier,15
source-map-loader,15
chokidar,15
gulp-replace,15
vinyl-buffer,15
source-map,15
concurrently,15
immutable,15
jasmine-spec-reporter,15
js-yaml,15
eslint-plugin-flowtype,15
vscode-debugprotocol,15
adm-zip,15
raw-loader,14
gulp-babel,14
istanbul-instrumenter-loader,14
prop-types,14
babel-preset-react,14
@types/bluebird,14
babel-plugin-transform-runtime,14
promise,14
nock,14
vscode-languageserver,14
nan,14
tslib,14
which,14
tap,14
source-map-support,14
vscode-debugadapter,14
webpack-stream,14
imports-loader,14
less-loader,14
archiver,14
ms-rest,13
jshint,13
ncp,13
remap-istanbul,13
@babel/preset-react,13
grunt-contrib-compress,13
pug,13
docusaurus,13
gulp-istanbul,13
node-uuid,13
autoprefixer,13
@types/xml2js,13
classnames,13
plist,13
codelyzer,13
karma-jasmine-html-reporter,13
eslint-plugin-babel,13
babel-plugin-transform-custom-element-classes,12
gulp-plumber,12
office-ui-fabric-react,12
yeoman-generator,12
jade,12
standard,12
react-scripts,12
redux-thunk,12
xo,12
ava,12
babel-preset-react-native,12
@angular/animations,12
@babel/plugin-proposal-class-properties,12
rollup-plugin-commonjs,12
watchify,12
postcss-loader,12
karma-cli,12
markdown-it,12
handlebars,12
vscode-languageserver-types,12
axios,12
merge2,12
tslint-loader,12
karma-spec-reporter,12
uglifyjs-webpack-plugin,12
electron,11
webpack-merge,11
@types/glob,11
opener,11
https-proxy-agent,11
eslint-config-airbnb,11
babel-register,11
@types/marked,11
path,11
clang-format,11
tslint-config-prettier,11
jsonc-parser,11
@types/express,11
ejs,11
winreg,11
gulp-jshint,11
serve-static,11
assert,11
clean-css,11
chai-as-promised,11
@types/react-redux,11
exports-loader,11
@angular/cli,11
gulp-flatten,10
ionic-native,10
gulp-tsb,10
once,10
vscode-nls-dev,10
babel-preset-es2015-rollup,10
vue,10
yosay,10
pxt-core,10
inherits,10
redis,10
gulp-watch,10
@types/enzyme,10
coffee-script,10
grunt-ts,10
tslint-react,10
path-is-absolute,10
merge-stream,10
gulp-zip,10
babelify,10
connect,10
browser-sync,10
@babel/plugin-proposal-object-rest-spread,10
winston,10
ionicons,10
rollup-plugin-typescript2,10
@angular/language-service,10
eslint-config-prettier,10
graceful-fs,10
karma-sinon-chai,10
vss-web-extension-sdk,10
vscode-uri,10
ionic-angular,10
@types/q,10
supertest,10
rollup-plugin-uglify,9
url,9
monaco-editor,9
replace,9
tslint-eslint-rules,9
balanced-match,9
jest-cli,9
eslint-loader,9
concat-map,9
iconv-lite,9
@babel/cli,9
jsdoc,9
@angular/platform-server,9
@types/uuid,9
vscode-azureextensionui,9
brace-expansion,9
tar,9
babel-runtime,9
gulp-tsc,9
inflight,9
@babel/plugin-transform-flow-strip-types,9
marked,9
express-session,9
fs.realpath,9
@types/minimatch,9
@types/ws,9
mongodb,9
tick,9
socket.io,9
grunt-exec,9
mockery,9
gulp-if,9
react-bootstrap,9
d3-scale,9
wrappy,9
vscode-debugadapter-testsupport,9
jszip,9
gulp-help,9
@tensorflow/tfjs,9
fs,9
@types/react-router-dom,9
http-proxy-agent,8
parcel-bundler,8
chart.js,8
gulp-clean,8
react-addons-test-utils,8
grunt-contrib-qunit,8
fbjs-scripts,8
loader-utils,8
@types/rimraf,8
semantic-ui-less,8
@types/request-promise,8
@types/react-router,8
fbjs,8
adal-node,8
eslint-plugin-node,8
ms-rest-azure,8
systemjs,8
open,8
powerbi-visuals-api,8
yalc,8
ajv,8
@types/opn,8
cpx,8
karma-ie-launcher,8
enzyme-adapter-react-16,8
vscode-chrome-debug-core,8
request-promise-native,8
karma-browserify,8
fork-ts-checker-webpack-plugin,8
webpack-bundle-analyzer,8
@types/jasminewd2,8
superagent,8
expose-loader,8
grunt-contrib-nodeunit,8
cross-spawn,8
gulp-cssmin,8
inquirer,8
grunt-contrib-compass,8
babel-plugin-transform-object-rest-spread,8
@types/mkdirp,8
strip-json-comments,8
clean-webpack-plugin,8
node-zip,8
exit,8
@types/source-map,7
gulp-minify-css,7
@types/yargs,7
redux-saga,7
btoa,7
pg,7
font-awesome,7
eslint-config-xo-space,7
@types/karma,7
gulp-download,7
handlebars-loader,7
object-path,7
memory-fs,7
gulp-decompress,7
@octokit/rest,7
es6-shim,7
tsd,7
script-loader,7
gulp-load-plugins,7
karma-safari-launcher,7
@types/shelljs,7
copyfiles,7
uglify-es,7
monaco-editor-core,7
babel-plugin-transform-flow-strip-types,7
grunt-contrib-less,7
resolve,7
eslint-plugin-relay,7
@types/webpack-env,7
codemirror,7
tsify,7
vscode-extension-telemetry-wrapper,7
gulp-gh-pages,7
gulp-cli,7
eslint-plugin-promise,7
grunt-karma,7
sync-request,7
got,7
@babel/plugin-transform-runtime,7
cheerio,7
azure-arm-website,7
eslint-plugin-standard,7
envify,7
shx,7
lodash.merge,7
eslint-config-standard,7
execa,7
@babel/runtime,7
mime,7
gulp-sequence,7
globalize,7
compression,7
gulp-exclude-gitignore,7
whatwg-fetch,7
documentdb,7
powerbi-visuals,7
typemoq,7
eslint-config-xo,7
babel-preset-stage-0,7
form-data,6
grunt-contrib-connect,6
codecov,6
@types/restify,6
@types/history,6
lodash.isequal,6
@types/markdown-it,6
gulp-typedoc,6
@types/keytar,6
grunt-mocha-test,6
@types/requirejs,6
mv,6
rollup-plugin-json,6
@types/winreg,6
xmldom,6
gh-pages,6
babel-plugin-external-helpers,6
karma-browserstack-launcher,6
isomorphic-fetch,6
passport,6
esprima,6
babel-preset-stage-2,6
@ionic/app-scripts,6
karma-requirejs,6
@types/es6-promise,6
@types/debug,6
mock-fs,6
eslint-config-airbnb-base,6
babel-plugin-transform-class-properties,6
eslint-config-fbjs,6
request-light,6
mongoose,6
node-notifier,6
targz,6
escape-string-regexp,6
cors,6
wd,6
backbone,6
@commitlint/cli,6
vso-node-api,6
@ionic/storage,6
yauzl,6
json,6
@commitlint/config-conventional,6
highlight.js,6
copy-paste,6
lolex,6
node-forge,6
aws-sdk,6
get-port,6
@tensorflow/tfjs-core,6
@babel/preset-flow,5
grunt-saucelabs,5
@types/jszip,5
ignore-loader,5
@babel/register,5
gulp-coveralls,5
mini-css-extract-plugin,5
graphql,5
gulp-add-src,5
@types/dotenv,5
@types/copy-paste,5
@babel/parser,5
grunt-contrib-csslint,5
ssh2,5
@types/async,5
lodash.get,5
jasmine-reporters,5
grunt-contrib-cssmin,5
nconf,5
@types/request-promise-native,5
@types/minimist,5
jasmine-node,5
babel-preset-fbjs,5
babel-plugin-transform-es2015-classes,5
gulp-shell,5
@babel/preset-typescript,5
wallaby-webpack,5
babel-preset-stage-3,5
d3-format,5
serve,5
botframework-config,5
is-buffer,5
antd,5
isparta,5
angular,5
rx,5
yeoman-test,5
node-pre-gyp,5
vscode-json-languageservice,5
yeoman-assert,5
monaco-languages,5
vue-template-compiler,5
@types/file-saver,5
json-stringify-safe,5
react-scripts-ts,5
jshint-stylish,5
errorhandler,5
promise-polyfill,5
yazl,5
process,5
monaco-plugin-helpers,5
botbuilder-azure,5
lodash.debounce,5
file-saver,5
lodash-es,5
lodash.throttle,5
clone,5
connect-redis,5
@types/node-fetch,5
gulp-debug,5
botbuilder-ai,5
@types/react-native,5
child-process-promise,5
diff,5
npm,5
dompurify,5
gulp-bump,5
sequelize,5
@types/lodash-es,5
@types/jsdom,5
tree-kill,5
@types/chalk,5
onchange,5
repeat-string,5
@babel/plugin-transform-modules-commonjs,5
@types/tmp,5
resolve-url-loader,5
gulp-json-editor,5
selenium-webdriver,5
normalize.css,5
postcss,5
react-helmet,5
@types/gulp,5
@babel/types,5
babel,5
grunt-eslint,5
botbuilder-core,5
xregexp,5
@types/documentdb,5
gulp-connect,4
babel-plugin-transform-async-to-generator,4
@types/knockout,4
@types/react-bootstrap,4
github,4
grunt-replace,4
dotenv-extended,4
@types/execa,4
mysql,4
grunt-autoprefixer,4
micromatch,4
tunnel,4
@babel/generator,4
babel-plugin-transform-es2015-parameters,4
painless-config,4
promise-retry,4
rollup-plugin-replace,4
gulp-webpack,4
typed-rest-client,4
babel-plugin-transform-es2015-destructuring,4
powerbi-client,4
properties,4
html-loader,4
ionic-gulp-sass-build,4
history,4
querystring,4
bootstrap-sass,4
nodeunit,4
node-gyp,4
command-line-args,4
js-beautify,4
ionic-gulp-fonts-copy,4
isparta-loader,4
jsdom-global,4
portfinder,4
browserify-shim,4
ansi-colors,4
react-native-code-push,4
babel-plugin-transform-es2015-spread,4
gradle-to-js,4
azure-arm-containerregistry,4
jade-loader,4
commitizen,4
stylelint,4
browserify-istanbul,4
mocha-lcov-reporter,4
@babel/plugin-transform-classes,4
flux,4
grunt-shell,4
babel-plugin-syntax-trailing-function-commas,4
parse5,4
fancy-log,4
app-root-path,4
progress,4
@babel/traverse,4
wordwrap,4
ionic-gulp-browserify-typescript,4
babel-plugin-istanbul,4
@babel/plugin-syntax-dynamic-import,4
tslint-no-circular-imports,4
grunt-contrib-coffee,4
benchmark,4
babel-plugin-transform-regenerator,4
grunt-jekyll,4
d3-interpolate,4
qlimit,4
ionic-gulp-html-copy,4
webdriverio,4
@types/inquirer,4
botbuilder-dialogs,4
webpack-hot-middleware,4
sequelize-cli,4
ts-helpers,4
update-notifier,4
vscode-jsonrpc,4
clipboardy,4
seedrandom,4
ionic-gulp-scripts-copy,4
eslint-plugin-jest,4
gulp-jsdoc3,4
read,4
@types/js-yaml,4
@types/classnames,4
react-native-vector-icons,4
prismjs,4
eslint-plugin-jsdoc,4
karma-sauce-launcher,4
time-grunt,4
basic-auth,4
@angular/upgrade,4
gulp-git,4
@types/redux,4
regenerator-runtime,4
url-search-params,4
loose-envify,4
babel-plugin-transform-es2015-arrow-functions,4
jscs,4
mocha-teamcity-reporter,4
rxjs-compat,4
@types/enzyme-adapter-react-16,4
webpack-dev-middleware,4
bindings,4
@babel/plugin-transform-react-display-name,4
gulp-file,4
material-ui,4
tedious,4
expect.js,4
d3-time-format,4
split,4
azure-keyvault,4
vinyl,4
watch,4
acorn,4
color,4
node-pty,4
jest-fetch-mock,4
react-hot-loader,4
gulp-insert,4
react-relay,4
@babel/plugin-proposal-optional-chaining,4
url-join,4
globby,4
moment-timezone,4
@types/mockery,4
gulp-clean-css,4
react-dev-utils,4
@types/prop-types,4
chai-http,4
md5,4
grunt-csscomb,4
download,4
@babel/plugin-transform-react-jsx,4
d3-array,4
@types/body-parser,4
elementtree,4
@types/temp,4
qs,4
extend,4
web-component-tester,4
tslint-config-standard,4
rollup-plugin-sourcemaps,4
extract-zip,4
query-string,3
@types/angular,3
grunt-tsd,3
gulp-cssnano,3
toposort,3
string-replace-loader,3
electron-prebuilt,3
grunt-jscs-checker,3
rollup-plugin-buble,3
ora,3
relay-compiler,3
mstranslator,3
mz,3
error-ex,3
simple-update-in,3
optimize-css-assets-webpack-plugin,3
ng2-charts,3
electron-builder,3
metro-react-native-babel-preset,3
reselect,3
https,3
openmct,3
kes,3
botframework-schema,3
redux-mock-store,3
es5-shim,3
gulp-karma,3
jquery-ui,3
interactive-data-display,3
redux-promise-middleware,3
mobx-react,3
argparse,3
@types/mock-require,3
uglifyify,3
base64url,3
react-dnd,3
electron-packager,3
@microsoft/recognizers-text-suite,3
laravel-mix,3
pxt-common-packages,3
child_process,3
@babel/plugin-transform-parameters,3
babel-plugin-syntax-async-functions,3
node-dir,3
babel-plugin-tester,3
d3-color,3
gulp-vinyl-zip,3
gulp-install,3
gulp-ignore,3
@types/socket.io-client,3
javascript-natural-sort,3
getmac,3
gulp-exec,3
@types/es6-shim,3
vue-loader,3
karma-tamtam-bamboo-reporter,3
@types/d3-scale,3
lodash.camelcase,3
joi,3
babel-preset-es2017,3
normalize-path,3
@types/ssh2,3
@babel/plugin-transform-for-of,3
@babel/plugin-transform-spread,3
node-bourbon,3
base-64,3
d3-selection,3
@babel/polyfill,3
pretty-data,3
main-bower-files,3
octicons,3
gulp-preprocess,3
domReady,3
saucelabs,3
cz-conventional-changelog,3
mobx,3
front-matter,3
glob-promise,3
@babel/plugin-transform-block-scoping,3
eslint-plugin-markdown,3
babylon,3
prompt,3
gulp-csslint,3
escodegen,3
@types/which,3
fstream,3
draft-js,3
decompress,3
identity-obj-proxy,3
@types/nock,3
react-tabs,3
azure-iothub,3
@cumulus/api,3
eslint-config-strict,3
pg-hstore,3
donuts.node,3
gulp-autoprefixer,3
markdown,3
grunt-tslint,3
invariant,3
rmdir,3
gulp-democase,3
ps-tree,3
@types/xmldom,3
gulp-imagemin,3
botframework-webchat,3
mock-require,3
postcss-import,3
grunt-html,3
@cumulus/deployment,3
simple-git,3
gremlin,3
svg-inline-loader,3
node-libs-browser,3
deep-equal,3
sqlite3,3
react-json-tree,3
ghooks,3
@types/core-js,3
formidable,3
three,3
react-dnd-html5-backend,3
react-icons,3
lodash.clonedeep,3
eslint-plugin-filenames,3
@angular-devkit/build-angular,3
tempfile,3
promises-aplus-tests,3
sails,3
babel-plugin-transform-es2015-shorthand-properties,3
angular-mocks,3
mocha-multi-reporters,3
d3-shape,3
synctasks,3
wrench,3
decache,3
botframework-directlinejs,3
strip-ansi,3
autorest,3
@microsoft/microsoft-graph-client,3
hbs,3
grunt-jscs,3
websocket,3
@babel/plugin-transform-arrow-functions,3
gulp-less,3
minami,3
eslint-plugin-header,3
events,3
@babel/plugin-proposal-decorators,3
@types/chai-as-promised,3
@essex/pbi-base,3
to-string-loader,3
azure-arm-storage,3
primeng,3
unorm,3
memoize-one,3
rewire,3
karma-detect-browsers,3
ua-parser-js,3
code-push,3
pump,3
babel-plugin-transform-es2015-block-scoping,3
proxyquire,3
svg.js,3
google-closure-compiler,3
autobind-decorator,3
eslint-plugin-mocha,3
react-app-rewired,3
@essex/powerbi-visual-scripts,3
compare-versions,3
node,3
@types/mongodb,3
koa-mount,3
vscode-azurekudu,3
adal-angular,3
nullthrows,3
method-override,3
@babel/plugin-transform-destructuring,3
xcode,3
send,3
nodemailer,3
painless-config-resolver,3
@types/websocket,3
react-tap-event-plugin,3
wdio-junit-reporter,3
tap-spec,3
karma-htmlfile-reporter,3
adaptivecards,3
karma-sinon,3
react-native-button,3
@microsoft/recognizers-text-date-time,3
gulp-modify,3
react-addons-css-transition-group,3
JSONStream,3
@types/react-test-renderer,3
koa-static,3
replace-in-file,3
nsp,3
vega-embed,3
@microsoft/applicationinsights-common,3
gulp-chmod,3
babel-plugin-transform-es2015-template-literals,3
to-vfile,3
vscode-chrome-debug-core-testsupport,3
is,3
wdio-mocha-framework,3
html-entities,3
p-limit,3
nasawds,3
@microsoft/recognizers-text-data-types-timex-expression,3
babel-preset-latest,3
del-cli,3
rollup-stream,3
@cumulus/hello-world,3
semantic-release,3
tsutils,3
memory-cache,3
knockout,3
gulp-unzip,3
pegjs,3
slickgrid,3
unzip,3
redux-logger,3
gulp-tag-version,3
paginator,3
@types/supertest,3
babel-minify-webpack-plugin,3
gulp-gzip,3
sw-toolbox,3
gulp-jscs,3
passport-local,3
cpy-cli,3
hubot,3
nopt,3
immer,3
@types/qs,3
simplecrawler,3
readline,3
rsa-pem-from-mod-exp,3
vue-router,3
mime-types,3
deepmerge,3
babel-watch,3
@tensorflow/tfjs-node,3
@microsoft/applicationinsights-core-js,3
vscode-languageserver-protocol,3
@types/es6-collections,3
requestretry,3
recursive-readdir,3
@types/tar,3
big.js,3
validate-commit-msg,3
babel-plugin-transform-es2015-modules-commonjs,3
tempy,3
npmlog,3
read-text-file,3
eslint-config-google,3
react-router-redux,3
@types/sinon-chai,3
redux-observable,3
@aspnet/signalr,3
@types/md5,3
@types/chart.js,3
readline-sync,3
fbemitter,2
gulp-streamify,2
babel-plugin-transform-react-jsx,2
jscodeshift,2
babel-preset-stage-1,2
@babel/plugin-transform-template-literals,2
d3-axis,2
gulp-derequire,2
jstree,2
@types/cheerio,2
express-sslify,2
socket.io-client,2
googleapis,2
emojis-list,2
phantomjs,2
primer-navigation,2
taco-utils,2
find-up,2
express-jwt,2
snyk,2
@microsoft/tsdoc,2
gulp-open,2
@types/loader-utils,2
@types/redux-thunk,2
@types/react-router-redux,2
@storybook/react,2
@essex/visual-utils,2
buffer-crc32,2
line-reader,2
@microsoft/recognizers-text-number,2
git-credential-node,2
tone,2
napajs,2
azure-iot-device-mqtt,2
event-source-polyfill,2
statuses,2
d3-force,2
koa,2
node-localstorage,2
@microsoft/windows-admin-center-sdk,2
@types/d3-shape,2
resumer,2
react-devtools-core,2
react-virtualized-auto-sizer,2
through,2
babel-plugin-syntax-jsx,2
npm-shrinkwrap,2
vso-task-lib,2
@babel/plugin-transform-literals,2
@babel/plugin-syntax-flow,2
yamljs,2
coffee-coverage,2
sanitize-filename,2
babel-plugin-transform-es2015-object-super,2
vfile-reporter,2
read-package-json,2
passport-azure-ad,2
crypto,2
@types/clone,2
node-static,2
@types/run-sequence,2
matcha,2
argv-split,2
primer-table-object,2
karma-fixture,2
taco-tests-utils,2
filesize,2
natives,2
@microsoft/set-webpack-public-path-plugin,2
redis-metrics,2
lock,2
babel-plugin-transform-es2015-modules-umd,2
@essex/redux-dag-history,2
lodash.pick,2
grunt-compare-size,2
babel-plugin-relay,2
valid-url,2
azure-arm-iothub,2
download-git-repo,2
@types/react-hot-loader,2
path-exists,2
array-uniq,2
glob-parent,2
d3-dsv,2
electron-devtools-installer,2
downshift,2
unzipper,2
@types/signalr,2
@types/underscore,2
dagre,2
private,2
babel-plugin-syntax-flow,2
merge,2
@babel/plugin-transform-shorthand-properties,2
superagent-proxy,2
to-markdown,2
sails-disk,2
@babel/plugin-transform-regenerator,2
slash,2
in-publish,2
matchdep,2
madge,2
file-size,2
readable-stream,2
cookie,2
@types/del,2
systemjs-builder,2
brace,2
primer-marketing-type,2
fs-extra-promise,2
mock-spawn,2
sanitize-html,2
jest-resolve,2
@types/mime,2
sprintf-js,2
@types/react-dnd,2
proxyquireify,2
@types/moment,2
@types/d3-array,2
@types/cors,2
express-ws,2
@cumulus/sync-granule,2
@types/tape,2
aspnet-webpack,2
http-errors,2
flat,2
multirun,2
p-all,2
vega,2
react-sortable-hoc,2
material-ui-pickers,2
msal,2
hoek,2
webpack-sources,2
angular-cli,2
react-color,2
gatsby-plugin-react-helmet,2
bunyan,2
enum,2
grunt-contrib-jst,2
include-all,2
signedsource,2
fake,2
grunt-release,2
@babel/plugin-proposal-export-default-from,2
angular-sanitize,2
react-ga,2
tslint-no-unused-expression-chai,2
regenerate,2
primer-support,2
primer-breadcrumb,2
vscode-css-languageservice,2
windows-no-runnable,2
on-error-resume-next,2
teen_process,2
azure-iot-device,2
@types/node-forge,2
styled-components,2
testswarm,2
@types/redis,2
semver-compare,2
react-intl,2
@cumulus/discover-pdrs,2
jasmine-console-reporter,2
roosterjs-plugin-image-resize,2
azure-arm-cosmosdb,2
openurl,2
typescript-formatter,2
array-includes,2
@types/hammerjs,2
vega-lite,2
material-ui-icons,2
@angular/cdk,2
node-sass-chokidar,2
donuts.node-remote,2
@types/web-bluetooth,2
react-native-socket.io-client,2
fetch-mock,2
recursive-copy,2
gatsby,2
gulp-inject,2
deployr,2
gulp-tar,2
write-file-atomic,2
passport-github,2
grunt-sync,2
os,2
coffee-loader,2
get-stdin,2
htmlparser2,2
c3,2
diff-match-patch,2
noice-json-rpc,2
parse-git-config,2
babel-plugin-transform-es2015-block-scoped-functions,2
primer-tables,2
idevice-app-launcher,2
gulp-nsp,2
babel-plugin-dynamic-import-node,2
text-table,2
@types/unzip,2
@types/uglify-js,2
@uifabric/merge-styles,2
@types/react-tabs,2
lodash.set,2
grunt-git-authors,2
@types/filenamify,2
azure-iot-common,2
p-retry,2
@cumulus/pdr-status-check,2
react-docgen,2
roosterjs-editor-plugins,2
mocha-phantomjs-core,2
ansi-to-html,2
@types/react-json-tree,2
get-func-name,2
if-env,2
ts-md5,2
react-native-document-picker,2
protobufjs,2
@types/fetch-mock,2
grunt-jasmine-node,2
babel-plugin-syntax-object-rest-spread,2
opentype.js,2
taco-team-build,2
fast-glob,2
sax,2
retext-english,2
@types/promisify-node,2
typeahead.js,2
npm-modernizr,2
weak-map,2
everything.js,2
jsonschema,2
primer-page-sections,2
plist-with-patches,2
microsoft-speech-browser-sdk,2
gulp-line-ending-corrector,2
express-init,2
@uifabric/icons,2
chatdown,2
@types/chokidar,2
node-noop,2
terser,2
@emmetio/extract-abbreviation,2
express-validator,2
@cumulus/sf-sns-report,2
latest-version,2
azure-graph,2
aspnet-webpack-react,2
popper.js,2
type-detect,2
deep-eql,2
preact,2
env-cmd,2
@angular/material,2
rc-slider,2
ms-rest-js,2
react-native-confirmation-code-input,2
ol,2
typescript-tslint-plugin,2
webpack-notifier,2
flow-parser,2
jake,2
@babel/plugin-transform-function-name,2
setimmediate,2
d3-collection,2
prosemirror,2
bcryptjs,2
yo,2
@tww/terminus-maximus,2
@types/dockerode,2
mssql,2
git-repo-info,2
q-io,2
LiveScript,2
gzip-size,2
figures,2
serve-index,2
fast-binary-indexed-tree,2
expect,2
axe-core,2
botbuilder-cognitiveservices,2
redux-actions,2
react-keydown,2
linklocal,2
karma-chai-sinon,2
tar.gz,2
d3-scale-chromatic,2
react-select,2
enzyme-adapter-react-15,2
connect-mongo,2
escape-html,2
browsers-binaries-standalone,2
flatten,2
@cumulus/discover-granules,2
markdownlint-cli,2
webpack-assets-manifest,2
typescript-styled-plugin,2
zip-folder,2
kewlr,2
braces,2
pathval,2
@types/azure,2
@webcomponents/template,2
applicationinsights-js,2
es6-object-assign,2
regenerator-transform,2
gatsby-transformer-remark,2
gulp-cached,2
abortcontroller-polyfill,2
faye-websocket,2
markdownlint,2
plugin-error,2
@babel/plugin-transform-computed-properties,2
rc,2
brfs,2
azure-devops-node-api,2
ftp,2
babel-plugin-transform-es2015-function-name,2
karma-ng-html2js-preprocessor,2
@types/adm-zip,2
testdouble,2
@types/applicationinsights,2
mr,2
karma-qunit,2
js-tokens,2
primer-marketing-support,2
primer-page-headers,2
gulp-istanbul-report,2
jsdoc-parse,2
babel-plugin-transform-react-remove-prop-types,2
appium-base-driver,2
eslint-config-appium,2
vscode-html-languageservice,2
pretty-hrtime,2
@uifabric/styling,2
mocha-jsdom,2
metro,2
image-size,2
crowdin-cli,2
grunt-contrib-htmlmin,2
buffer,2
finalhandler,2
bundle-collapser,2
express-flash,2
webdriver-standalone-server,2
@types/socket.io,2
typescript-template-language-service-decorator,2
cordova-plugin-whitelist,2
component,2
fresh,2
assertion-error,2
donuts.node-ipc,2
@webcomponents/shadydom,2
native-base,2
d3-path,2
ping,2
grunt-contrib-jasmine,2
gulp-size,2
diagnostic-channel,2
karma-safaritechpreview-launcher,2
react-native-windows,2
stylus,2
spec-md,2
jwt-simple,2
make-node,2
datatables.net-dt,2
definitelytyped-header-parser,2
knox,2
grunt-livescript,2
fs-plus,2
primer-buttons,2
primer-marketing-utilities,2
path-to-regexp,2
cson-parser,2
appium-support,2
appium-gulp-plugins,2
nswatch,2
resub,2
amqp10,2
faker,2
react-simple-dropdown,2
cypress,2
redux-persist,2
filenamify,2
@types/strip-json-comments,2
uglifyjs,2
lodash.sortby,2
bcrypt-nodejs,2
cssnano,2
webdriver-client-test-runner,2
@cumulus/queue-pdrs,2
@types/get-port,2
travis-after-all,2
read-pkg,2
check-error,2
pretty-quick,2
react-native-datepicker,2
gulp-inline-ng2-template,2
iconv,2
azure-devops-extension-sdk,2
gatsby-source-filesystem,2
diagnostic-channel-publishers,2
sane,2
git-rev-sync,2
localtunnel,2
@types/assert,2
babel-plugin-transform-es2015-literals,2
cordova-serve,2
global,2
hsts,2
angular-ui-bootstrap,2
@types/mock-fs,2
require-css,2
react-codemirror2,2
@types/winston,2
tslint-ionic-rules,2
bootstrap-webpack,2
acho,2
primer-layout,2
primer-core,2
gulp-remote-src,2
url-search-params-polyfill,2
babel-preset-react-app,2
pre-commit,2
chrome-remote-interface,2
@types/html-webpack-plugin,2
express-joi,2
babel-template,2
eventemitter2,2
grunt-contrib-pug,2
@conversationlearner/models,2
@types/parsimmon,2
antlr4ts,2
@microsoft/recognizers-text-choice,2
react-player,2
midiconvert,2
vscode-azureappservice,2
lcov-result-merger,2
bump-cli,2
sqlops,2
file-url,2
@webcomponents/shadycss,2
react-navigation,2
babel-plugin-syntax-class-properties,2
@microsoft/applicationinsights-analytics-js,2
grunt-bower-task,2
os-homedir,2
@babel/plugin-proposal-nullish-coalescing-operator,2
replacestream,2
dockerode,2
pretty-ms,2
json-schema-to-typescript,2
@types/sqlite3,2
@types/qr-image,2
@types/source-map-support,2
ionic-gulp-tslint,2
eslint-plugin-eslint-comments,2
democase,2
primer-forms,2
primer-marketing,2
date-fns,2
@types/jsonwebtoken,2
@types/applicationinsights-js,2
babel-helper-plugin-test-runner,2
eventemitter3,2
@essex/pbi-stateful,2
request-progress,2
karma-edge-launcher,2
react-native-typescript-transformer,2
grunt-mocha-istanbul,2
@cumulus/common,2
@cumulus/parse-pdr,2
intl,2
sudo-prompt,2
simple-assert,2
debounce,2
expo,2
signalr,2
@types/d3-format,2
lru-cache,2
es6-map,2
react-syntax-highlighter,2
grunt-contrib-jade,2
grunt-sails-linker,2
onecolor,2
vscode-textmate,2
@types/angular-mocks,2
tar-stream,2
edge-diagnostics-adapter,2
read-pkg-up,2
asap,2
primer-utilities,2
angular2-slickgrid,2
terser-webpack-plugin,2
cli-table3,2
gulp-stylelint,2
postcss-modules,2
react-transition-group,2
json-stable-stringify,2
guid,2
shortid,2
antlr4ts-cli,2
lodash.has,2
intersection-observer,2
eslint-config-braintree,2
rollup-plugin-typescript,2
cookie.gulp,2
redux-devtools-extension,2
react-native-star-rating,2
gulp-jasmine,2
@vue/cli-service,2
is-stream,2
rollup-plugin-uglify-es,2
es6-set,2
recast,2
dtslint,2
rollup-plugin-strip-banner,2
optimist,2
grunt-html-validation,2
grunt-jsdoc,2
hoist-non-react-statics,2
markdown-toc,2
postcss-cli,2
@babel/plugin-transform-async-to-generator,2
@types/power-assert,2
denodeify,2
@types/gulp-mocha,2
url-parse,2
npm-registry-client,2
@types/angular-ui-bootstrap,2
grunt-browserify,2
ember-cli,2
better-assert,2
xterm,2
primer-box,2
angular-in-memory-web-api,2
asyncbox,2
satcheljs,2
@microsoft/load-themed-styles,2
http-status-codes,2
@types/redux-actions,2
@types/storybook__react,2
typescript-eslint-parser,2
express-handlebars,2
remarkable,2
@compodoc/compodoc,2
@types/xregexp,2
multer,2
on-headers,2
anymatch,2
react-native-gifted-chat,2
jasmine-terminal-reporter,2
encoding,2
yoga-layout,2
grunt-sed,2
relay-runtime,2
create-react-class,2
@slack/client,2
@types/morgan,2
retext-equality,2
@babel/template,2
gulp-concat-css,2
grunt-sass,2
eslint-rule-documentation,2
@ljharb/eslint-config,2
primer-truncate,2
bytes,2
js-base64,2
skeleton-css,2
@babel/plugin-transform-typescript,2
lodash.some,2
@types/chrome,2
react-native-svg,2
topojson,2
connect-history-api-fallback,2
@cumulus/queue-granules,2
commitplease,2
co,2
util,2
@types/prismjs,2
cordova-android,2
readdirp,2
ie-shim,2
@tensorflow/tfjs-layers,2
winstrap,2
shell-quote,2
vsts-npm-auth,2
grunt-banner,2
esprima-fb,2
d.js,2
d3-time,2
@types/clipboardy,2
gulp-azure-storage,2
azure-sb,2
node-jose,2
@types/vinyl,2
@types/mz,2
sha1,2
@types/handlebars,2
json5,2
gm,2
evalmd,2
primer-tooltips,2
gulp-csso,2
multimatch,2
appium-logger,2
jsonpath,2
utf8,2
@storybook/addon-actions,2
emotion,2
@types/d3-interpolate,2
react-native-router-flux,2
async-file,2
react-loadable,2
qunitjs,2
async-each,2
angular2-template-loader,2
lscg-solver,2
guid-typescript,2
react-app-rewire-less,2
gulp-ngc,2
parted,2
ip,2
react-window,2
gatsby-remark-prismjs,2
jasmine-check,2
rbroker,2
gulp-livereload,2
tracer,2
babel-plugin-macros,2
@babel/plugin-proposal-optional-catch-binding,2
meow,2
@types/iconv-lite,2
verup,2
tslint-consistent-codestyle,2
primer-base,2
helmet,2
gulp-spawn-mocha,2
glamor,2
chrome-launcher,2
@essex/visual-styling,2
lodash.assignin,2
@types/karma-fixture,2
encodeurl,2
@cumulus/integration-tests,2
precss,2
standard-version,2
@types/archiver,2
csv-parse,2
is-glob,2
ms,2
is-binary-path,2
hammerjs,2
semantic-ui-react,2
bcrypt,2
gulp-htmlmin,2
cognitive-services,2
react-split-pane,2
gulp-batch,2
find-java-home,1
@fuselab/ui-shared,1
loglevel,1
swagger-jsdoc,1
purify-css,1
tslint-webpack-plugin,1
is-fn,1
lodash.template,1
live-server,1
@angular2-material/sidenav,1
stylenames,1
@nrwl/nx,1
typography,1
@types/d3-time-format,1
vega-encode,1
@redux-offline/redux-offline,1
azure-pipelines-language-service,1
highlight-ts,1
assets-webpack-plugin,1
i18n,1
magic-string,1
rollup-plugin-string,1
regenerator-preset,1
gatsby-plugin-less,1
grunt-parallel,1
primus-multiplex,1
svcinstall,1
webpack-command,1
licensify,1
makerjs-monotext,1
@jscad/csg,1
eslint-plugin-jasmine,1
gulp-jshint-html-reporter,1
s3,1
sails-postgresql,1
iterall,1
@types/serve-favicon,1
dts-generator,1
simctl,1
gulp-jsonlint,1
indent-string,1
umd-compat-loader,1
vfile,1
uid2,1
angular-marked,1
jquery-textcomplete,1
@types/angular-ui-router,1
grunt-forever,1
grunt-force-task,1
@types/typeahead,1
mocha-tap-reporter,1
ember-resolver,1
ember-cli-deploy-ghpages,1
broccoli-stew,1
xmlhttprequest,1
devtools-protocol,1
redis-commands,1
@types/axios,1
spdx,1
remark-lint-no-undefined-references,1
remark-retext,1
remark-lint-hard-break-spaces,1
karma-html-detailed-reporter,1
systemjs-plugin-json,1
react-say,1
jest-image-snapshot,1
wait-for-localhost,1
gulp-webdriver,1
authorize-ios,1
satcheljs-react,1
bplist,1
@types/opener,1
resemblejs,1
@yarnpkg/lockfile,1
karma-mocha-clean-reporter,1
botbuilder-location,1
parse-link-header,1
@types/promise,1
restify-cors-middleware,1
asar-integrity,1
gulp-jscs-stylish,1
fuzzy-search,1
@babel/plugin-transform-sticky-regex,1
gulp-audit,1
eslint-config-strongloop,1
closure-library,1
react-collapsible,1
react-native-css,1
@kadira/react-native-storybook,1
@types/http-proxy-middleware,1
devnull,1
text,1
reactxp-virtuallistview,1
react-chartjs,1
ava-spec,1
swaggerize-ui,1
@types/lusca,1
graphql-cli,1
passport-accesstoken,1
@conversationlearner/webchat,1
webpack-serve,1
imagemin-jpegtran,1
reconnecting-websocket,1
lodash.isstring,1
@cumulus/pvl,1
jsftp,1
@ava/babel-preset-transform-test-files,1
lodash.intersection,1
enzyme-to-json,1
roosterjs-editor-dom,1
is-port-reachable,1
stickyfill,1
@types/json-stringify-safe,1
datatables.net-responsive-bs,1
untildify,1
wrapper-webpack-plugin,1
@types/chai-arrays,1
@nteract/transform-geojson,1
@microsoft.azure/autorest.nodejs,1
parseurl,1
is-dotfile,1
merge-descriptors,1
is-node-modern,1
destroy,1
regex-cache,1
mime-db,1
babel-plugin-transform-es2015-sticky-regex,1
jsesc,1
output-file-sync,1
typeof,1
pinkie,1
object-keys,1
fsevents,1
lodash.flattendeep,1
fast-url-parser,1
babel-preset-es3,1
binary-extensions,1
eslint-config-babel,1
slimerjs,1
@types/lodash.throttle,1
gc-signals,1
jsdom-no-contextify,1
copy-text-to-clipboard,1
electron-debug,1
content-security-policy-builder,1
cordova-plugin-device-name,1
eslint-plugin-compat,1
gulp-angular-templatecache,1
firebase,1
@types/crc,1
@types/html-entities,1
jquery-slimscroll,1
react-native-admob,1
postcss-cssnext,1
react-popper,1
linq-collections,1
command-exists,1
d3-random,1
package-preamble,1
@microsoft/fast-sketch-library,1
@microsoft/fast-web-utilities,1
hexo,1
papaparse,1
rx-lite,1
@types/commander,1
ndarray-resample,1
gulp-copy,1
@fuselab/ui-fabric,1
@tensorflow/tfjs-data,1
react-md,1
git-flow,1
react-scripts-ts-antd,1
firstline,1
spdx-expression-validate,1
gunzip-maybe,1
@vaadin/angular2-polymer,1
@ngrx/effects,1
@opencensus/propagation-tracecontext,1
@chart-parts/react,1
@chart-parts/vsvg,1
jest-html,1
redux-dynamic-modules-saga,1
yaml-ast-parser,1
save,1
rxjs-tslint,1
bootstrap-datepicker,1
hash.js,1
locate-character,1
babel-check-duplicated-nodes,1
gatsby-link,1
grunt-ddescribe-iit,1
karma-notify-reporter,1
primus.io,1
require-analyzer,1
nomnom,1
typescript-json-schema,1
makerjs-rimbox,1
@jscad/stl-serializer,1
painterro,1
karma-html-reporter,1
nexe,1
simple-slider,1
vscode-debug-logger,1
test262-integrator,1
angular-ui-sortable,1
ng-annotate-loader,1
adbkit-apkreader,1
@types/charm,1
vsts-device-flow-auth,1
grunt-env,1
vscode-cpptools,1
artifact-engine,1
ember-disable-prototype-extensions,1
emberx-select,1
mocha-phantomjs,1
broccoli-replace,1
benchpress,1
uuidv5,1
videojs-vtt.js,1
remark-frontmatter,1
retext-syntax-mentions,1
remark-lint-first-heading-level,1
react-dictate-button,1
streamifier,1
settle-promise,1
ky,1
appium-xcuitest-driver,1
call-me-maybe,1
punycode,1
cracks,1
a,1
@pnpm/logger,1
@types/serve-static,1
@bfemulator/ui-react,1
babel-plugin-transform-vue-jsx,1
circular-dependency-plugin,1
gulp-handlebars,1
@uncharted/strippets,1
@essex/attribute-slicer,1
jest-serializer,1
cytoscape-euler,1
@babel/plugin-transform-exponentiation-operator,1
strformat,1
spectron,1
install,1
slugify,1
redux-devtools,1
simplerestclients,1
express-mustache,1
@microsoft/recognizers-text,1
tsc-watch,1
swaggerize-express,1
@types/nodemailer,1
react-html-parser,1
koa-connect,1
imagemin-optipng,1
parse-color,1
split2,1
cksum,1
@ava/babel-preset-stage-4,1
lodash.includes,1
tone-piano,1
react-docgen-typescript,1
roosterjs-editor-types,1
markdown-table,1
copy-globs-webpack-plugin,1
@types/browser-sync,1
ssh-keygen,1
markdown-loader,1
unicode,1
retyped-diff-match-patch-tsd-ambient,1
chai-arrays,1
tsconfig-paths-webpack-plugin,1
@microsoft.azure/autorest-core,1
unpipe,1
babel-helper-hoist-variables,1
setprototypeof,1
pkgfiles,1
object.omit,1
ansi-regex,1
babel-plugin-transform-es2015-modules-amd,1
codecov.io,1
fs-readdir-recursive,1
v8-natives,1
delay,1
array-slice,1
read-remove-file,1
grunt-webpack,1
eslint-restricted-globals,1
babel-plugin-react-intl,1
karma-cljs-test,1
@types/highlight.js,1
vscode-nsfw,1
gulp-flatmap,1
koa-route,1
linkify-urls,1
cordova-sqlite-storage,1
react-swipeable,1
@types/bootstrap,1
react-native-material-kit,1
gts,1
react-native-background-timer,1
js-quantities,1
babel-plugin-transform-es3-property-literals,1
enum-files,1
highlightjs,1
d3-transition,1
json2module,1
@microsoft/fast-glyphs-msft,1
csstype,1
material-components-web,1
@tensorflow/tfjs-tsne,1
node-jsxml,1
@types/adal,1
@types/ndarray,1
@essex/d3-coloring-scales,1
pako,1
@types/seedrandom,1
foreman,1
scss-loader,1
echarts-for-react,1
run-async,1
spdx-satisfies,1
grunt-newer,1
@angular2-material/tabs,1
@ngrx/store,1
@opencensus/nodejs,1
@types/react-helmet,1
@chart-parts/scene,1
azure-cognitiveservices-contentmoderator,1
schedule,1
primer-css,1
my-toolchain,1
@types/react-highlight,1
webpack-inline-manifest-plugin,1
qunit,1
buble,1
fixturify,1
gatsby-plugin-react-next,1
dgeni-packages,1
prompt-confirm,1
xmlreader,1
require.js,1
gulp-template,1
makerjs-polygon-rimbox,1
detective,1
@types/codemirror,1
@babel/plugin-transform-property-literals,1
uswds,1
oniguruma,1
real,1
require-all,1
dockerfile-language-server-nodejs,1
mdast,1
@types/jqueryui,1
timeago,1
react2angular,1
angulartics-google-analytics,1
cordova-simulate,1
flatten-source-map,1
@types/through,1
walk-back,1
ember-radio-button,1
ember-truth-helpers,1
tapable,1
unicode-6.3.0,1
broccoli-jshint,1
@types/color,1
gulp-uncss,1
find-free-port,1
remark-lint-no-consecutive-blank-lines,1
retext-readability,1
remark-lint-no-unused-definitions,1
chai-string,1
gulp-multistream,1
postcss-flexbugs-fixes,1
detect-port-alt,1
dva,1
nanoassert,1
angulartics2,1
appium-test-support,1
@frctl/nunjucks,1
cyclic-dep-2,1
builtins,1
@types/log4js,1
@types/tapable,1
redlock,1
electron-updater,1
license-list,1
babel-helper-vue-jsx-merge-props,1
must,1
@uncharted/strippets.common,1
metro-core,1
@babel/plugin-external-helpers,1
cytoscape,1
@babel/plugin-transform-react-jsx-source,1
jsep,1
grunt-junit,1
ghcrawler-cli,1
gulp-useref,1
react-native-search-bar,1
parent-require,1
react-native-sqlite-storage,1
delegated-account-recovery,1
lodash.last,1
@types/npm,1
swagmock,1
@types/connect-mongo,1
tslint-language-service,1
array-sugar,1
inline-css,1
@types/open,1
static-site-generator-webpack-plugin,1
tree-node-cli,1
is-array,1
lodash.omit,1
lodash.flatten,1
@cumulus/test-data,1
lodash.unset,1
svgo,1
roosterjs-editor-core,1
node-pre-gyp-github,1
azure-event-hubs,1
azure-arm-streamanalytics,1
buble-loader,1
@types/gulp-sass,1
envsub,1
uint64be,1
babel-plugin-prismjs,1
@types/shortid,1
@microsoft.azure/autorest.modeler,1
on-finished,1
babel-plugin-syntax-dynamic-import,1
content-disposition,1
expand-range,1
es-abstract,1
filename-regex,1
babel-helper-get-function-arity,1
babel-plugin-transform-es2015-duplicate-keys,1
is-extendable,1
convert-source-map,1
home-or-tmp,1
yargs-parser,1
babel-helper-explode-assignable-expression,1
in-range,1
utils-flatten,1
@shinnn/eslint-config-node-legacy,1
grunt-babel,1
babel-preset-airbnb,1
react-intl-webpack-plugin,1
service-downloader,1
spdlog,1
dom-loaded,1
cordova-plugin-mauron85-background-geolocation,1
@types/angular-sanitize,1
@types/fs-plus,1
semaphore,1
portscanner,1
react-native-image-picker,1
@material-ui/core,1
turf-area,1
@types/get-stdin,1
d3-dispatch,1
@microsoft/fast-tslint-rules,1
@microsoft/fast-jss-manager-react,1
@microsoft/fast-jest-snapshots-react,1
hexo-renderer-ejs,1
@microsoft/decorators,1
sandbox,1
import-sort,1
typedoc-plugin-sourcefile-url,1
vinyl-map,1
react-d3-axis,1
xml-beautifier,1
@types/adal-angular,1
@types/utf8,1
express-boom,1
echarts,1
elegant-spinner,1
azure-arm-logic,1
grunt-contrib-imagemin,1
@ngrx/store-devtools,1
@opencensus/exporter-ocagent,1
@chart-parts/orchestrator,1
@types/d3-path,1
resx,1
babel-preset-expo,1
graphiql,1
my-controls,1
adal-angular4,1
find-root,1
agent-base,1
clipboard-js,1
sander,1
console-group,1
gulp-browserify,1
webpack-fail-plugin,1
symbol-observable,1
makerjs-ventgridcircle,1
sort-keys,1
@babel/plugin-syntax-object-rest-spread,1
socket.io-redis,1
azure-common,1
wicked-good-xpath,1
onigasm,1
json-rpc2,1
retext,1
@types/mousetrap,1
secure-compare,1
typeahead.js-bootstrap3.less,1
ngtemplate-loader,1
qr-image,1
angara.chartjs,1
@types/tar-stream,1
grips,1
require-jade,1
scp2,1
ember-network,1
ember-cli-uglify,1
broccoli-merge-trees,1
platform,1
node-hid,1
7zip-bin-win,1
gulp-extname,1
remark-lint-no-shortcut-reference-image,1
ebrew,1
remark-parse,1
imgur-node-api,1
webpack-manifest-plugin,1
babel-plugin-named-asset-import,1
address,1
documentation,1
@types/promptly,1
gulp-requirejs,1
mapstraction,1
@frctl/fractal,1
c,1
npm-package-arg,1
@types/orchestrator,1
@microsoft/web-library-build,1
refreshing-config-redis,1
@bfemulator/emulator-core,1
@bfemulator/extension-qnamaker-client,1
electron-builder-lib,1
csv-parser,1
@essex/dag-history-component,1
@essex/timebrush,1
velocity-animate,1
@essex/visual-settings,1
metro-memory-fs,1
concat-stream,1
cytoscape-popper,1
@babel/plugin-transform-unicode-regex,1
langs,1
spectron-fake-dialog,1
gulp-exit,1
react-native-searchbar,1
botbuilder-teams,1
dotbin,1
reactxp-navigation,1
@emmetio/expand-abbreviation,1
lodash.max,1
is-my-json-valid,1
@types/bcrypt-nodejs,1
nouislider,1
react-youtube,1
koa-range,1
filepath,1
gaussian,1
lodash.drop,1
lodash.identity,1
webmidi,1
generator-component,1
cmake-js,1
mixwith,1
imagemin-mozjpeg,1
@types/draft-js,1
@types/gulp-load-plugins,1
node-etcd,1
named-js-regexp,1
ts-mockito,1
typed-react-markdown,1
babel-helper-replace-supers,1
function-bind,1
babel-helper-function-name,1
proxy-addr,1
preserve,1
define-properties,1
pinkie-promise,1
babel-helper-transform-fixture-test-runner,1
for-own,1
v8flags,1
parallelshell,1
ansi-cyan,1
time-span,1
has-flag,1
pify,1
is-equal-shallow,1
eslint-find-rules,1
dotfile-regex,1
dataprotocol-client,1
vscode-xterm,1
7zip,1
github-injection,1
react-joyride,1
@types/semaphore,1
react-native-onesignal,1
react-key-handler,1
postcss-load-config,1
@types/readline-sync,1
typescript-collections,1
d3-fetch,1
@brainly/html-sketchapp,1
generate-json-webpack-plugin,1
@microsoft/fast-components-react-msft,1
hexo-generator-archive,1
@pnp/sp,1
azure-arm-eventhub,1
react-data-grid,1
@types/webmidi,1
@tensorflow-models/mobilenet,1
@types/d3-color,1
adbkit-fb,1
pikaday,1
muicss,1
base64-img,1
webhdfs,1
fix-path,1
rollup-plugin-visualizer,1
grunt-svgmin,1
is-wsl,1
web-animations-js,1
@opencensus/instrumentation-http,1
gatsby-remark-images,1
shallowequal,1
mersenne,1
@microsoft/microsoft-graph-types,1
react-native-web,1
ngx-spinner,1
@ngtools/webpack,1
socks-proxy-agent,1
react-portal,1
require-relative,1
signal-exit,1
webcomponents.js,1
yaml-js,1
microtime,1
eslint-plugin-json,1
twit,1
@microsoft/applicationinsights-web,1
fullcalendar,1
makerjs-raster,1
makerjs,1
pretty-camel,1
@babel/plugin-syntax-class-properties,1
ampersand-view-switcher,1
grunt-typescript,1
durations,1
real_sub,1
assert-plus,1
syntaxhighlighter,1
gulp-tsd,1
parse-duration,1
passport-strategy,1
ui-select,1
esprima-walk,1
asynquence,1
child-process,1
material-design-lite,1
ember-try,1
mocha-fivemat-progress-reporter,1
complexity-report,1
broccoli-es6-module-transpiler,1
source-map-concat,1
x2js,1
primer-module-build,1
retext-quotes,1
remark-lint-no-auto-link-without-protocol,1
remark-lint-no-duplicate-definitions,1
mdn-browser-compat-data,1
comment-json,1
gulp-rimraf,1
markdown-it-for-inline,1
postcss-safe-parser,1
react-apollo,1
continuation-local-storage,1
azure-iot-device-amqp,1
dedent,1
classlist-polyfill,1
cyclic-dep-explicit-1,1
@microsoft/package-deps-hash,1
@types/express-serve-static-core,1
api-extractor-test-01,1
winston-azure-application-insights,1
@bfemulator/client,1
electron-builder-http,1
fuzzysearch-js,1
gulp-define-module,1
browserify-handlebars,1
@essex/visual-testing-tools,1
metro-cache,1
serialize-error,1
tippy.js,1
@babel/plugin-transform-object-assign,1
react-search-input,1
primer-marketing-buttons,1
stubborn-queue,1
cls-bluebird,1
react-native-push-notification,1
rewiremock,1
azure-pipelines-task-lib,1
nosqlprovider,1
@emmetio/html-matcher,1
lodash.escaperegexp,1
lodash.keys,1
swagger-parser,1
@types/compression,1
@types/nouislider,1
node-sass-middleware,1
slate,1
webpack-nicelog,1
mouse-position,1
lodash.chunk,1
lodash.groupby,1
parallel,1
buckets-js,1
mongodb-extended-json,1
babel-plugin-async-to-promises,1
imagemin-webpack-plugin,1
@types/to-markdown,1
@types/systemjs,1
mustache,1
html-webpack-inline-source-plugin,1
pidusage,1
@nteract/transform-model-debug,1
babel-types,1
babel-helpers,1
babel-traverse,1
depd,1
repeat-element,1
indexof,1
kind-of,1
pkg-dir,1
acorn-jsx,1
unicode-tr51,1
babel-helper-fixtures,1
make-generator-function,1
dateformat,1
spdx-correct,1
import-fresh,1
ipaddr.js,1
babel-plugin-transform-decorators,1
babel-tape-runner,1
unicode-7.0.0,1
grunt-mocha-phantomjs,1
license-check-and-add,1
vscode-ripgrep,1
keytar,1
@types/sanitize-html,1
node-ipc,1
select-dom,1
electron-settings,1
angular2-uuid,1
donuts.node-settings,1
@webcomponents/webcomponents-platform,1
mocha-webpack,1
ms-rest-azure-js,1
react-native-youtube,1
babel-preset-react-hmre,1
style-ext-html-webpack-plugin,1
@types/valid-url,1
fs-exists-sync,1
d3-quadtree,1
@types/puppeteer,1
exenv-es6,1
jest-preset-angular,1
hexo-renderer-handlebars,1
@microsoft/sp-listview-extensibility,1
azure-arm-eventgrid,1
ag-grid-react,1
audio-recorder-polyfill,1
stats.js,1
is-integer,1
docblock-parser,1
awesomplete,1
materialize-css,1
geolib,1
node-yaml,1
yeoman-environment,1
react-json-inspector,1
grunt-imgcompress,1
array-from,1
ngrx-store-freeze,1
kubernetes-client,1
gatsby-plugin-styled-components,1
@chart-parts/shapes,1
donuts.node-weak,1
react-custom-scrollbars,1
zmodem.js,1
ng5-slider,1
karma-remap-coverage,1
docker-common,1
log-update,1
@types/acorn,1
atob,1
transducers-js,1
eslint-config-fbjs-opensource,1
blessed,1
selfish,1
makerjs-ventgrid,1
@babel/plugin-transform-object-super,1
sails-db-migrate,1
slack-client,1
real2,1
fetch,1
await-notify,1
string-replace-webpack-plugin,1
parse-gitignore,1
eslint-plugin-flow-header,1
ospo-pug-view-services,1
n3-charts,1
Select2,1
happypack,1
typechecker,1
xmldoc,1
then-redis,1
grunt-ftp-deploy,1
async-child-process,1
concat,1
ember-cli-deploy,1
escomplex-js,1
json3,1
nodegit,1
@types/promise-retry,1
snowden,1
gulp-go-windows-fork,1
remark-lint-final-newline,1
remark-lint-no-literal-urls,1
retext-simplify,1
mdn-data,1
cp,1
zen-observable,1
@babel/plugin-transform-react-constant-elements,1
react-error-overlay,1
appium-selendroid-driver,1
docbox,1
eventhubs-js,1
gitbook-cli,1
array-filter,1
libxslt,1
b,1
read-package-tree,1
@types/gulp-istanbul,1
@microsoft/gulp-core-build-typescript,1
@microsoft/rush-stack,1
@types/sprintf-js,1
postcss-url,1
botkit,1
mediator-js,1
cosmiconfig,1
absolute-path,1
react-vis,1
@essex/visual-config,1
rc-tree,1
grunt-css,1
gulp-footer,1
react-autocomplete,1
gulp-rev,1
react-native-storage,1
chibitronics-ltc-modulate,1
log,1
babel-plugin-lodash,1
grapheme-splitter,1
@types/lodash.last,1
@types/errorhandler,1
jester,1
x-frame-options,1
react-file-picker,1
webpack-stats-plugin,1
sitemap,1
lighthouse,1
regl,1
@cumulus/logger,1
p-wait-for,1
autoprefixer-loader,1
@uifabric/jest-serializer-merge-styles,1
roosterjs-html-sanitizer,1
gulp-flowtype,1
browsersync-webpack-plugin,1
@types/gulp-filter,1
json-editor,1
arch,1
@types/download,1
webpack-node-externals,1
typescript-lit-html-plugin,1
reamde,1
inline-source-map,1
cookie-signature,1
gulp-format-md,1
@es-shims/api,1
extglob,1
spdx-license-ids,1
randomatic,1
regexgen,1
is-callable,1
editorconfig-tools,1
linefix,1
regjsparser,1
growl,1
forwarded,1
babel-helper-bindify-decorators,1
cookiejar,1
babel-plugin-transform-async-generator-functions,1
grunt-mkdir,1
nsfw,1
@types/htmlparser2,1
gulp-image-resize,1
onetime,1
gulp-connect-php,1
@webcomponents/custom-elements,1
@mskeros/chisel,1
@types/long,1
eslint-config-rallycoding,1
ioredis,1
dotnet-sdk-2.1,1
matcher,1
d3-geo,1
@microsoft/fast-components-class-name-contracts-msft,1
@microsoft/fast-components-styles-msft,1
@microsoft/fast-layouts-react,1
hexo-generator-tag,1
@pnp/common,1
chance,1
pubsub-js,1
file-saver-typescript,1
dat.gui,1
@types/object-assign,1
detect-port,1
webpack-devserver,1
@types/awesomplete,1
unique-random,1
requestify,1
typescript-string-operations,1
@fortawesome/fontawesome,1
@types/memoize-one,1
@angular2-material/icon,1
azure-pipelines-language-server,1
@ngrx/router-store,1
@types/styled-components,1
@chart-parts/react-native-svg-renderer,1
node-int64,1
donuts.node-build,1
react-monaco-editor,1
sorcery,1
pxt,1
@microsoft/mezzurite-react,1
remark,1
acorn-dynamic-import,1
autogypi,1
react-tools,1
when,1
@types/fullcalendar,1
makerjs-spokes-flared,1
@types/opentype.js,1
gulp-run,1
azure-asm-website,1
@types/cordova-plugin-file-transfer,1
strip-indent,1
isexe,1
gulp-nodemon,1
chmod,1
win-ca,1
mdast-util-to-nlcst,1
cowsay,1
bootswatch,1
angular-messages,1
angular-ui-router,1
ng-annotate-webpack-plugin,1
ultron,1
travis-fold,1
katex,1
generic-pool,1
vrsource-tslint-rules,1
ember-cli-babel,1
ember-data,1
json-diff,1
broccoli-watchify,1
event-kit,1
canvas-orbit-camera,1
stylelint-config-primer,1
primer-cards,1
remark-lint-unordered-list-marker-style,1
retext-words,1
remark-lint-blockquote-indentation,1
route-recognizer,1
webshot,1
case-sensitive-paths-webpack-plugin,1
is-root,1
apollo-client,1
appium-youiengine-driver,1
appium-ios-driver,1
azure-iot-device-http,1
array-foreach,1
ell,1
cyclic-dep-1,1
strict-uri-encode,1
@types/node-notifier,1
@microsoft/gulp-core-build-mocha,1
@microsoft/api-documenter,1
tsc,1
@bfemulator/app-shared,1
xtend,1
qnamaker,1
get-urls,1
gulp-order,1
pretty-format,1
jest-worker,1
cytoscape-klay,1
gulp-wrap-commonjs,1
lodash.findkey,1
react-native-simple-store,1
pxt-microbit,1
jmespath,1
gulp-peg,1
gulp-eol,1
@emmetio/css-parser,1
bignumber.js,1
@types/lodash.trimend,1
@types/mongoose,1
lib-b,1
raven,1
react-redux-typescript,1
eslint-plugin-react-hooks,1
lodash.iserror,1
tough-cookie,1
midi-file-parser,1
roosterjs-editor-api,1
condition-appveyor,1
semistandard,1
datatables.net-plugins,1
jspeech,1
inversify,1
relative,1
cordova-plugin-appcenter-analytics,1
obake,1
delayed-stream,1
accepts,1
benchmarked,1
foreach,1
replace-require-self,1
is-number,1
babel-plugin-transform-unicode-property-regex,1
is-symbol,1
make-arrow-function,1
eslint-release,1
regjsgen,1
browser-stdout,1
builtin-modules,1
negotiator,1
component-emitter,1
babel-plugin-transform-exponentiation-operator,1
mochai,1
dts-bundle,1
ansi_up,1
lazy.js,1
eslint-config-recommended,1
webextension-polyfill,1
devtron,1
cordova-plugin-splashscreen,1
angular2-toaster,1
react-datepicker,1
donuts.node-modularity,1
hint,1
random-js,1
react-native-off-canvas-menu,1
string.prototype.startswith,1
cesium,1
grunt-text-replace,1
camelcase,1
file-exists,1
d3-contour,1
@microsoft/fast-jss-manager,1
@microsoft/fast-components-react-base,1
@microsoft/fast-form-generator-react,1
hexo-generator-category,1
@pnp/graph,1
json-schema-faker,1
ag-grid,1
node-wav,1
rsocket-tcp-server,1
@uifabric/utilities,1
d3-interpolate-path,1
purifycss-webpack,1
react-image-lightbox,1
tail-stream,1
@fortawesome/fontawesome-free-solid,1
datatables.net,1
@angular2-material/toolbar,1
babel-plugin-transform-invariant-location,1
@angular-devkit/schematics,1
gatsby-remark-embed-snippet,1
gatsby-remark-copy-linked-files,1
whackage,1
bser,1
electron-rebuild,1
react-art,1
imagemagick,1
azure-devops-extension-api,1
@mapbox/cloudfriend,1
connected-react-router,1
colo,1
sourcemap-codec,1
nbind,1
qq,1
bundlesize,1
newtests,1
gulp-path,1
makerjs-double-band-clamp,1
kdbush,1
fbjs-css-vars,1
util.promisify,1
react-native-fbsdk,1
graphql-compiler,1
@types/cordova-plugin-dialogs,1
discord.js,1
@types/gulp-less,1
ts-jsx-loader,1
underscore.string,1
nunjucks,1
vfile-sort,1
gulp-ng-annotate,1
babel-plugin-jest-hoist,1
chai-passport-strategy,1
angular-cron-gen,1
angular-spinner,1
@types/react-ga,1
extract-opts,1
angara.serializationjs,1
oboe,1
hoverintent-jqplugin,1
gulp-env,1
ember-cli-htmlbars-inline-precompile,1
broccoli-asset-rev,1
ember-publisher,1
underscore-plus,1
array-pack-2d,1
remark-lint-list-item-indent,1
retext-syntax-urls,1
retext-emoji,1
testatic,1
babel-plugin-version-transform,1
botframework-webchat-component,1
raf,1
postcss-preset-env,1
global-modules,1
apollo-boost,1
budo,1
resolve-id-refs,1
@microsoft/node-core-library,1
cyclic-dep-explicit-2,1
@pnpm/link-bins,1
@microsoft/gulp-core-build-karma,1
api-extractor-test-02,1
schema-inspector,1
friendly-errors-webpack-plugin,1
phantom-ownpropertynames,1
matter-attractors,1
tslint-config-airbnb,1
prism-react-renderer,1
@types/d3-scale-chromatic,1
svg-url-loader,1
addtocalendar,1
react-ace,1
gulp-cache,1
http-proxy-middleware,1
splunk-sdk,1
@types/jmespath,1
strip-bom-buffer,1
lodash.trimend,1
@types/lodash.max,1
@types/passport-local,1
lib-c,1
bunyan-sentry-stream,1
react-markdown,1
webpack-chain,1
feed,1
mousetrap,1
boolean,1
lodash.orderby,1
@cumulus/move-granules,1
eslint-plugin-lodash,1
youtube-iframe,1
enzyme-context-patch,1
roosterjs,1
gulp-filenames,1
azure-arm-sb,1
admin-lte,1
last-commit-log,1
node-stream-zip,1
@types/webpack-bundle-analyzer,1
@nteract/transform-plotly,1
size-table,1
far,1
babel-helper-remap-async-to-generator,1
raw-body,1
write,1
defence-cli,1
isobject,1
loud-rejection,1
is-date-object,1
is-posix-bracket,1
npm-license,1
regexpu-fixtures,1
he,1
parse-json,1
es-to-primitive,1
basic-auth-connect,1
rollup-watch,1
roosterjs-react-emoji,1
preact-compat,1
github-releases,1
native-keymap,1
asar,1
webext-options-sync,1
prettier-eslint-cli,1
cordova-plugin-network-information,1
react-modal,1
eslint-plugin-typescript,1
xmlbuilder,1
babel-plugin-transform-es3-member-expression-literals,1
babel-plugin-transform-react-constant-elements,1
pascal-case,1
@types/lodash.merge,1
@microsoft/fast-jss-utilities,1
favicons-webpack-plugin,1
@polymer/polymer,1
hexo-server,1
@microsoft/sp-core-library,1
@types/chance,1
sha256,1
kissfft-js,1
@essex/react-heat-streams,1
rsocket-core,1
react-table,1
react-splitter-layout,1
react-burger-menu,1
moment-duration-format,1
stream-buffers,1
@fortawesome/vue-fontawesome,1
endpoints,1
@angular2-material/button,1
@babel/plugin-syntax-import-meta,1
jasmine-marbles,1
@types/react-codemirror,1
rehype-react,1
@storybook/addon-links,1
@types/lodash.get,1
monaco-editor-webpack-plugin,1
mixpanel,1
azure-devops-ui,1
lodash.isundefined,1
sanitize.css,1
@expo/spawn-async,1
web-ext,1
pretty-bytes,1
@babel/plugin-syntax-async-generators,1
gatsby-plugin-google-analytics,1
sorted-object,1
angular2,1
xhr,1
flatiron,1
sepia,1
makerjs-heart,1
bezier-js,1
@babel/plugin-transform-block-scoped-functions,1
gulp-requirejs-optimize,1
cfenv,1
jest-react-native,1
fb-watchman,1
@types/cordova,1
editorconfig,1
node-rsa,1
figlet,1
mac-ca,1
bail,1
flow-typed,1
angular-hotkeys,1
options,1
react-panelgroup,1
@types/xmldoc,1
typed.js,1
regedit,1
ember-cli-htmlbars,1
ember-cli-release,1
coffeeify,1
broccoli-es3-safe-recast,1
esdoc,1
@types/x2js,1
teapot,1
retext-repeated-words,1
unist-util-visit,1
kindlegen,1
babel-plugin-transform-optional-chaining,1
codeclimate-test-reporter,1
web-speech-cognitive-services,1
eslint-config-react-app,1
bfj,1
confusing-browser-globals,1
gulp-newer,1
iso8601-duration,1
receptor,1
@microsoft/node-library-build,1
rush-cyclic-dep-1,1
@microsoft/stream-collator,1
@types/assertion-error,1
@microsoft/gulp-core-build-sass,1
@bfemulator/sdk-shared,1
@bfemulator/extension-json,1
luis-apis,1
react-reconciler,1
matter-js,1
webpack-strip,1
@babel/helper-module-imports,1
xpipe,1
router,1
istanbul-api,1
@essex/visual-entry-loader,1
react-list,1
jstimezonedetect,1
lodash.map,1
gulp-changed,1
gulp-replace-with-sourcemaps,1
@types/lodash.isequal,1
lib-a,1
grunt-http,1
slate-react,1
docsearch.js,1
browser-sync-webpack-plugin,1
dynamodb-data-types,1
http-aws-es,1
lodash.isarray,1
startaudiocontext,1
htmltojsx,1
@types/http-proxy-agent,1
karma-opera-launcher,1
pm2,1
babelrc-rollup,1
bs-html-injector,1
vscode-emmet-helper,1
js-cookie,1
nightmare-window-manager,1
file-matcher,1
@types/copy-webpack-plugin,1
cordova-ios,1
doctoc,1
content-type,1
remove-trailing-separator,1
cogent,1
beautify-benchmark,1
spdx-expression-parse,1
nuclide-node-transpiler,1
rimraf-promise,1
object-is,1
has,1
shelljs-nodecli,1
unicode-8.0.0,1
eslint-config-semistandard,1
strip-bom,1
is-regex,1
should-http,1
unicode-9.0.0,1
roosterjs-react-command-bar,1
gulp-color,1
html-query-plan,1
gulp-bom,1
cson,1
dom-chef,1
immutable-devtools,1
cordova-plugin-statusbar,1
bingmaps,1
react-router-bootstrap,1
cookie.gulp-wix,1
@webcomponents/html-imports,1
async-retry,1
typedoc-plugin-external-module-name,1
rollup-plugin-cleanup,1
babel-plugin-react-display-name,1
vis,1
@types/progress,1
await-delay,1
@types/yamljs,1
d3-ease,1
@microsoft/fast-components-class-name-contracts-base,1
webpack-shell-plugin,1
@microsoft/fast-permutator,1
hexo-browsersync,1
@microsoft/sp-dialog,1
lazy,1
@jupyter-widgets/base,1
vorpal,1
tslint-react-perf,1
react-debounce-render,1
nanoid,1
rc-input-number,1
react-addons-transition-group,1
@types/events,1
node-nvidia-smi,1
vuex,1
bole,1
primeui,1
glamor-tachyons,1
tsickle,1
gatsby-plugin-typography,1
@chart-parts/testdata,1
@storybook/addons,1
@types/lodash.has,1
react-svg-loader,1
opencv,1
lodash.isinteger,1
@des.epic.uscp.scripts/mezzurite.angularjs,1
minimisted,1
firefox-profile,1
date-time,1
flow-copy-source,1
karma-script-launcher,1
complete,1
pluginpub,1
vss-ui,1
makerjs-logo,1
@types/pdfkit,1
@babel/plugin-transform-member-expression-literals,1
jscs-html-reporter,1
express-force-ssl,1
json-in-place,1
fastfall,1
react-button,1
@types/yeoman-generator,1
webidl2,1
loggly,1
pom-parser,1
mdast-comment-config,1
testcheck,1
passport-oauth2,1
angular-filter,1
regexp-i18n,1
source-map-resolve,1
charm,1
dropkickjs,1
gulp-msbuild,1
svg-element-attributes,1
ember-export-application-global,1
ember-sinon-qunit,1
enhanced-resolve,1
promises-aplus-tests-phantom,1
jasmine-ajax,1
mona,1
powerbi-api,1
glob-exec,1
gl-mat4,1
remark-stringify,1
retext-spell,1
remark-lint-strong-marker,1
no-kafka,1
tmp-sync,1
botframework-webchat-core,1
fork-ts-checker-webpack-plugin-alt,1
envinfo,1
sockjs-client,1
wdio-dot-reporter,1
appium-android-driver,1
c3p-test-reactnative,1
cli-spinner,1
@microsoft/rush-stack-compiler,1
rush-cyclic-dep-2,1
@microsoft/rush-lib,1
end-of-stream,1
@microsoft/gulp-core-build-webpack,1
karma-jasmine-ajax,1
@bfemulator/sdk-client,1
@bfemulator/extension-luis,1
lscache,1
webgl-ui,1
webcola,1
metro-minify-uglify,1
babel-plugin-import,1
eslint-config-fb-strict,1
@essex/oss-report-builder,1
language-map,1
localized-strings,1
ava-http,1
react-swipeable-views,1
babel-plugin-transform-decorators-legacy,1
reactxp-video,1
bunyan-sub,1
@types/lodash.tonumber,1
react-native-mock,1
email-existence,1
grunt-scss-lint,1
imagemin,1
chrono-node,1
google-closure-library,1
lambda-proxy-utils,1
elasticsearch,1
lodash.kebabcase,1
@cumulus/test-processing,1
postcss-scss,1
@types/form-data,1
@types/antd,1
jshint-sourcemap-reporter,1
@types/gulp-protractor,1
datatables.net-buttons-bs,1
nightmare,1
getos,1
gulp-debounced-watch,1
styled-jsx,1
cordova-plugin-camera,1
tap-stream,1
methods,1
after,1
isarray,1
gnode,1
core-assert,1
media-typer,1
lintspaces-cli,1
get-spdx-license-ids,1
is-primitive,1
utest,1
load-json-file,1
fill-range,1
karma-expect,1
commondir,1
object.assign,1
Base64,1
babel-helper-builder-binary-assignment-operator-visitor,1
roosterjs-react-editor,1
azure-arm-sql,1
native-is-elevated,1
chromium-pickle-js,1
webext-dynamic-content-scripts,1
mobx-react-devtools,1
angular2-logger,1
@aspnet/signalr-client,1
angular-route,1
cookie.gulp-tsc,1
@hint/parser-javascript,1
typedoc-plugin-markdown,1
@types/koa-mount,1
react-contextmenu,1
@material-ui/icons,1
@types/bindings,1
cli-position,1
jsonfile,1
d3-drag,1
chroma-js,1
eyes.images,1
@microsoft/fast-colors,1
hexo-renderer-sass,1
@pnp/logging,1
leveldown,1
appcenter-crashes,1
dct,1
ellipsize,1
dashify,1
react-switch,1
prettier-webpack-plugin,1
purifycss,1
telemetry-github,1
ts-deferred,1
@vue/cli-plugin-e2e-cypress,1
bistre,1
@angular2-material/list,1
@types/d3-selection,1
ng-packagr,1
gatsby-plugin-typescript,1
@chart-parts/interfaces,1
@types/storybook__addon-actions,1
@types/lodash.camelcase,1
write-file-webpack-plugin,1
buffers,1
base64-inline-loader,1
executive,1
@microsoft/mezzurite-core,1
action-selector,1
chrome-launch,1
is-reference,1
@babel/plugin-proposal-function-sent,1
babel-plugin-replace-require,1
uglify-save-license,1
babel-preset-es2016,1
workspace_lib,1
pkginfo,1
cordova-sqlite-storage-dependencies,1
makerjs-nameplate,1
html2canvas,1
newrelic,1
@types/cordova-plugin-file,1
react-treeview,1
parse-semver,1
@types/gulp-nodemon,1
http-post-message,1
gulp-remote-src-vscode,1
azure-table-node,1
configstore,1
mdast-github,1
teacher,1
clipboard,1
source-sans-pro,1
@types/moment-timezone,1
longjohn,1
draft-convert,1
relaxed-json,1
keycode,1
ember-ajax,1
ember-cli-deploy-build,1
nodelint,1
arrify,1
jstransform,1
git-repo-version,1
remove,1
typestrict,1
eye-vector,1
monaco-html,1
remark-lint-list-item-bullet-indent,1
remark-lint-maximum-heading-length,1
retext-sentence-spacing,1
pm-mocha-jenkins-reporter,1
react-scroll-to-bottom,1
webpack-visualizer-plugin,1
react-app-polyfill,1
@svgr/webpack,1
validate-npm-package-name,1
lerna-changelog,1
js-data,1
appium-windows-driver,1
c3p-reactnative,1
elem-dataset,1
@types/z-schema,1
rush-c,1
decomment,1
orchestrator,1
@microsoft/gulp-core-build-serve,1
ghrequestor,1
@types/faker,1
@bfemulator/sdk-main,1
@types/lscache,1
@types/react-transition-group,1
@types/react-addons-css-transition-group,1
metro-resolver,1
react-transform-hmr,1
cytoscape-spread,1
istanbul-lib-coverage,1
cntk-fastrcnn,1
d3-queue,1
tap-xunit,1
react-native-drawer,1
@conversationlearner/ui,1
parsimmon,1
clarity-js,1
reactxp-imagesvg,1
console-sub,1
@microsoft/recognizers-text-sequence,1
lusca,1
gulp-stylelint-console-reporter,1
fuse.js,1
truncate-html,1
busboy,1
@cumulus/ingest,1
p-map,1
lodash.compact,1
eslint-plugin-unicorn,1
pepjs,1
@types/escape-string-regexp,1
ng2-adal,1
@types/dagre,1
browser-detection,1
draft-js-markdown-plugin,1
@types/ps-tree,1
datatables.net-select-bs,1
chai-subset,1
babel-plugin-inline-json-import,1
webpack-fix-default-import-plugin,1
cordova-plugin-appcenter-shared,1
set-immediate-shim,1
vary,1
vhost,1
success-symbol,1
zuul,1
supports-color,1
babel-plugin-check-es2015-constants,1
npm-prepublish,1
stringify-object,1
spdx-exceptions,1
gently,1
is-arrayish,1
normalize-package-data,1
p-locate,1
babel-helper-call-delegate,1
make-dir,1
safe-publish-latest,1
core-util-is,1
babel-plugin-syntax-exponentiation-operator,1
roosterjs-react-common,1
jschardet,1
temp-write,1
v8-inspect-profiler,1
@types/pug,1
linkify-issues,1
phonegap-plugin-barcodescanner,1
mydaterangepicker,1
cookie.gulp-electron-installer,1
babel-preset-minify,1
@hint/utils-tests-helpers,1
redux-little-router,1
react-native-stars-rating,1
@types/koa-static,1
proj4,1
showdown,1
rollup-plugin-css-only,1
dotnet-2.0.0,1
tiny-cdn,1
d3-zoom,1
@microsoft/fast-application-utilities,1
tv4,1
eyes.selenium,1
hexo-renderer-markdown-it,1
@pnp/odata,1
memdown,1
appcenter,1
@types/ora,1
binary-loader,1
openssl-wrapper,1
uast-viewer,1
jasmine-ts,1
sentence-case,1
markdown-it-sanitizer,1
typescript-ioc,1
@vue/cli-plugin-unit-jest,1
express-routebuilder,1
@angular2-material/core,1
@nrwl/schematics,1
typography-theme-github,1
@chart-parts/transform,1
@types/storybook__addon-links,1
@types/superagent,1
errto,1
react-devtools,1
react-highlight,1
upath,1
lite-server,1
power-assert,1
rollup-plugin-terser,1
canonical-path,1
node-html-encoder,1
@types/react-addons-test-utils,1
fs.extra,1
root_lib,1
svchost,1
flatiron-cli-config,1
yiewd,1
@microsoft/applicationinsights-properties-js,1
makerjs-spiral,1
@danmarshall/jscad-typings,1
printj,1
@types/validator,1
@types/cordova-plugin-device,1
simple-ajax,1
@types/cookie-parser,1
print-diff,1
backslash,1
gulp-gunzip,1
mdast-validate-links,1
queue-fifo,1
tsreflect-compiler,1
bs-platform,1
angular2react,1
envify-loader,1
angara.tablejs,1
gulp-browserify-thin,1
@types/relaxed-json,1
bxslider,1
ember-cli-dependency-checker,1
ember-cli-sri,1
release-it,1
markdown-doctest,1
cli-color,1
gulp-sloc,1
normals,1
monaco-typescript,1
remark-lint-no-shortcut-reference-link,1
remark-lint-emphasis-marker,1
remark-lint-heading-style,1
remark-lint-no-duplicate-headings,1
pnp-webpack-plugin,1
tar-pack,1
svg-term-cli,1
date-utils,1
satcheljs-react-devtools,1
@types/promises-a-plus,1
gulp-scss-lint,1
jju,1
rush-b,1
@microsoft/gulp-core-build,1
jest-environment-jsdom,1
@types/jsonpath,1
redis-rate-limiter,1
@types/jasmine-ajax,1
jest-enzyme,1
@bfemulator/extension-debug,1
sha.js,1
three-gltf2-loader,1
@types/react-dnd-html5-backend,1
ci-publish,1
jest-haste-map,1
stylelint-suitcss,1
@types/compare-versions,1
tfrecord,1
painless-config-as-code,1
redux-test-utils,1
react-native-scrollable-tab-view,1
offline-directline,1
@types/react-tap-event-plugin,1
react-native-video,1
rnpm-plugin-windows,1
mysql-sub,1
cached-path-relative,1
fbgraph,1
eslint-plugin-scanjs-rules,1
grunt-coveralls,1
react-scoped-style,1
tcp-port-used,1
@types/url-join,1
public-ip,1
lodash.uniqby,1
follow-redirects,1
@cumulus/post-to-cmr,1
jsmidgen,1
base64-js,1
turndown,1
vscode-azureextensiondev,1
floatthead,1
vo,1
line-by-line,1
@nteract/transforms,1
@nteract/transform-dataresource,1
cordova-plugin-file,1
nave,1
type-is,1
pbkdf2-password,1
ansi-green,1
user-home,1
ansi-styles,1
babel-plugin-transform-es2015-modules-systemjs,1
os-tmpdir,1
@shinnn/eslint-config-node,1
jison,1
findit,1
detect-indent,1
path-type,1
flatit,1
babel-code-frame,1
babel-plugin-transform-strict-mode,1
hosted-git-info,1
string_decoder,1
qs-iconv,1
roosterjs-react-pickers,1
byline,1
native-watchdog,1
fast-plist,1
queue,1
github-reserved-names,1
webext,1
graphql-config,1
cordova-plugin-console,1
ngx-pagination,1
angular-aria,1
azure-arm-containerinstance,1
locale-code,1
@types/koa,1
react-event-listener,1
recompose,1
please-upgrade-node,1
eslint-friendly-formatter,1
wru,1
d3-timer,1
jss-preset-default,1
@microsoft/fast-data-utilities-react,1
cliclopts,1
@microsoft/sp-module-interfaces,1
levelup,1
appcenter-analytics,1
plotly.js-dist,1
intro.js,1
string-natural-compare,1
whatwg-url,1
redux-form,1
sweetalert2,1
node-emoji,1
express-joi-validator,1
npm-hook-receiver,1
@angular2-material/checkbox,1
preact-render-spy,1
@angular-devkit/core,1
@chart-parts/react-svg-renderer,1
@chart-parts/scales,1
react-docgen-typescript-webpack-plugin,1
redux-dynamic-modules,1
@types/react-native-vector-icons,1
react-sticky,1
@angular-devkit/build-optimizer,1
cli-spinners,1
espower-loader,1
@types/pretty-ms,1
gatsby-plugin-antd,1
grunt-merge-conflict,1
browserstacktunnel-wrapper,1
primus-rooms,1
bar,1
iniparser,1
char-spinner,1
makerjs-wrap-text,1
graham_scan,1
powerbi-router,1
cli-table,1
taco-simulate-server,1
raygun,1
jscs-jsdoc,1
code-push-cli,1
@babel/node,1
oauth,1
spin.js,1
angular-loader,1
wolfy87-eventemitter,1
@types/oboe,1
stats-webpack-plugin,1
forever,1
eslint-plugin-graphql,1
loader.js,1
amdefine,1
stream-spec,1
nodejs-websocket,1
jsondiffpatch,1
bunny,1
monaco-json,1
remark-lint-no-heading-content-indent,1
slug,1
remark-lint-ordered-list-marker-style,1
ignore,1
svg-react-loader,1
mocha-phantomjs-istanbul,1
backend,1
dotenv-expand,1
hyperquest,1
backbone-virtualized-listview,1
lodash.clone,1
libxmljs,1
@18f/stylelint-rules,1
z-schema,1
rush-a,1
@types/resolve,1
@types/through2,1
htmlencode,1
typings-for-css-modules-loader,1
node-dev,1
@types/cordova-plugin-ms-adal,1
dashjs,1
metro-config,1
metro-visualizer,1
duplexer,1
eslint-plugin-require-path-exists,1
remote,1
keyvault-configuration-resolver,1
numeral,1
gulp-rev-replace,1
react-native-card-view,1
swagger-client,1
@conversationlearner/sdk,1
@types/material-ui,1
reactxp,1
subscribableevent,1
redis-sub,1
@types/lodash.escaperegexp,1
passport-facebook,1
vue-property-decorator,1
eslint-plugin-no-unsafe-innerhtml,1
path-parse,1
gaze,1
decompress-targz,1
lodash.property,1
lodash.isfunction,1
lodash.sample,1
randexp,1
react-intersection-observer,1
react-styleguidist-visual,1
string-builder,1
@types/webpack-dev-middleware,1
sauce-connect-launcher,1
draft-js-plugins-editor,1
blueimp-file-upload,1
fuzzy,1
@types/event-stream,1
@types/untildify,1
cordova-plugin-appcenter-crashes,1
safe-buffer,1
covert,1
array-flatten,1
multiparty,1
array-unique,1
has-ansi,1
babel-plugin-transform-es2015-typeof-symbol,1
babel-messages,1
write-file-atomically,1
babel-plugin-syntax-decorators,1
hashish,1
trim-right,1
just-flatten-it,1
for-in,1
globals,1
is-builtin-module,1
process-nextick-args,1
number-is-nan,1
roosterjs-react-emoji-resources,1
file-type,1
vscode-chokidar,1
vinyl-fs,1
gulp-buffer,1
debounce-fn,1
dot-json,1
compression-webpack-plugin,1
ionic-plugin-keyboard,1
@ngui/datetime-picker,1
angular-animate,1
cookie.gulp-tslint,1
@metaparticle/package,1
npm-link-check,1
diff2html,1
wct-browser-legacy,1
mdi-material-ui,1
immutability-helper,1
window-size,1
json-source-map,1
johnny-five,1
d3-polygon,1
jss,1
raf-polyfill,1
respawn,1
@tensorflow/tfjs-vis,1
@microsoft/sp-build-web,1
level-sublevel,1
@types/react-navigation,1
@types/tempfile,1
@fortawesome/fontawesome-free,1
react-emotion,1
react-app-rewire-svg-react-loader,1
react-cookie,1
validators,1
markdown-it-checkbox,1
@types/rx,1
@vue/test-utils,1
bookshelf,1
@angular2-material/card,1
babel-preset-es2015-ie,1
@types/css-to-style,1
vega-datasets,1
react-typography,1
vega-transforms,1
redux-dynamic-middlewares,1
redis-promisify,1
@uifabric/example-app-base,1
optimize-js-plugin,1
rollup-plugin-copy-glob,1
es6-symbol,1
kocha,1
tape-catch,1
ansi-escapes,1
keymirror,1
dgeni,1
gulp-notify,1
primus-emitter,1
download-status,1
@microsoft/applicationinsights-dependencies-js,1
makerjs-band-clamp,1
@types/bezier-js,1
eslint-plugin-prefer-object-spread,1
window-post-message-proxy,1
@types/webidl2,1
cordova-registry-mapper,1
gulp-untar,1
sendgrid,1
@types/deep-equal,1
mdast-lint,1
run-in-terminal,1
angular-cache,1
properties-parser,1
eventie,1
@types/travis-fold,1
ember-load-initializers,1
ember-bootstrap,1
dryice,1
from,1
cucumber,1
remark-lint-no-multiple-toplevel-headings,1
remark-lint-list-item-content-indent,1
remark-lint-no-missing-blank-lines,1
dictionary-en-us,1
taco-dependency-installer,1
gulp-mocha-phantomjs,1
workbox-webpack-plugin,1
browserslist,1
karma-coverage-es6,1
appium-fake-driver,1
todomvc-common,1
dts-dom,1
@types/libxmljs,1
fetch-ponyfill,1
bourbon-neat,1
@types/argparse,1
rush-d,1
deasync,1
cwd,1
sass,1
amqplib,1
@types/tedious,1
@bfemulator/extension-qnamaker,1
tar-fs,1
jest-junit-reporter,1
sass-lint,1
metro-source-map,1
@babel/plugin-syntax-nullish-coalescing-operator,1
fast-json-patch,1
electron-window-state,1
environment-configuration-resolver,1
require-globify,1
tcomb-form-native,1
convict,1
react-chartjs-2,1
mongodb-sub,1
@types/lodash.sortby,1
karma-html2js-preprocessor,1
@types/passport,1
vue-class-component,1
gulp-using,1
@types/react-intl,1
tiny-lr,1
@types/decompress,1
lodash.zipobject,1
@cumulus/cmrjs,1
lodash.range,1
@cumulus/cumulus-message-adapter-js,1
jslint,1
react-styleguidist,1
serializer.ts,1
chokidar-cli,1
gray-matter,1
@types/gulp-htmlmin,1
node-cache,1
nightmare-upload,1
typescript-char,1
@types/istanbul,1
ast-types-flow,1
glob-base,1
etag,1
cookie-session,1
qunit-extras,1
arr-diff,1
resolve-from,1
babel-plugin-transform-es2015-computed-properties,1
babel-helper-optimise-call-expression,1
babel-helper-define-map,1
babel-helper-explode-class,1
urun,1
esutils,1
flatten-array,1
resource-router-middleware,1
regexpu-core,1
validate-npm-package-license,1
util-deprecate,1
postcss-inline-rtl,1
@types/file-type,1
angular2-grid,1
innosetup-compiler,1
@types/webdriverio,1
shorten-repo-url,1
chrome-webstore-upload-cli,1
cordova-plugin-device,1
eslint-plugin-html,1
@types/angular-route,1
protractor-jasmine2-screenshot-reporter,1
crc,1
toml,1
react-toggle,1
react-native-fs,1
react-native-photo-grid,1
worker-loader,1
modernizr-loader,1
intercept-stdout,1
rtlcss,1
d3-hierarchy,1
utility-types,1
raf-throttle,1
jsonfilter,1
baseball-pitchfx-types,1
@microsoft/sp-webpart-workbench,1
aws4,1
react-native-iphone-x-helper,1
@tensorflow-models/body-pix,1
aspnet-prerendering,1
@jest-runner/electron,1
@pivotal-tools/jvm-launch-utils,1
fakerator,1
reactstrap,1
ssh-config,1
@types/stream-buffers,1
@vue/cli-plugin-typescript,1
knex,1
@angular2-material/input,1
@babel/standalone,1
@types/stylenames,1
react-codemirror,1
@chart-parts/scenegraph,1
vega-util,1
@types/redux-saga,1
nuget,1
@types/react-sticky,1
script-ext-html-webpack-plugin,1
@types/estree,1
tap-browser-color,1
acorn-import-meta,1
commoner,1
statics,1
karma-ng-scenario,1
@types/fbemitter,1
react-page-middleware,1
node-mocks-http,1
primus,1
@microsoft/applicationinsights-channel-js,1
makerjs-smile,1
@types/graham_scan,1
fbjs-eslint-utils,1
@babel/plugin-syntax-jsx,1
db-migrate,1
superagent-mock,1
recursive-fs,1
send-transform,1
gulp-symdest,1
mdast-toc,1
zip-dir,1
htmlhint,1
select2-bootstrap-css,1
angulartics,1
grunt-run,1
tether,1
@types/merge-stream,1
ember-cli-inject-live-reload,1
ember-sinon,1
base62,1
json-colorz,1
pollUntil,1
madoko,1
monaco-css,1
unified,1
remark-lint-no-inline-padding,1
remark-lint-heading-increment,1
remark-lint,1
taco-livereload,1
react-film,1
serve-handler,1
anser,1
js-data-http,1
satcheljs-trace,1
@types/parse-git-config,1
omelette,1
@frctl/mandelbrot,1
@microsoft/api-extractor,1
project2,1
@types/node-sass,1
refreshing-config,1
hard-source-webpack-plugin,1
xopen,1
lineup-v1,1
typedoc-markdown-theme,1
filesaver.js,1
@babel/plugin-syntax-export-default-from,1
franc,1
@types/three,1
crypto-js,1
dagre-d3v4,1
react-native-send-intent,1
@types/convict,1
@types/react-swipeable-views,1
reactxp-experimental-navigation,1
universal-cookie,1
lodash.tonumber,1
rollup-plugin-alias,1
karma-json-fixtures-preprocessor,1
@types/passport-facebook,1
@types/sha1,1
bunyan-slack,1
slate-plain-serializer,1
imagemin-svgo,1
identityfusion,1
lodash.isobject,1
@mapbox/dyno,1
pino,1
@mapbox/mock-aws-sdk-js,1
lodash.difference,1
react-docgen-displayname-handler,1
grunt-bowercopy,1
@types/office-js,1
node-datetime,1
babyparse,1
lodash.assign,1
draft-js-export-html,1
@types/gulp-util,1
slick-carousel,1
@types/chai-subset,1
gulp-inline-source,1
is-running,1
cordova-plugin-appcenter-push,1
stream-to-array,1
is-extglob,1
range-parser,1
asynckit,1
parse-glob,1
require-uncached,1
babel-plugin-transform-es2015-for-of,1
grunt-template,1
is-finite,1
type-of,1
es-observable-tests,1
to-fast-properties,1
m_flattened,1
babel-preset-es2015-mod,1
arr-flatten,1
random-int,1
@types/byline,1
find-remove,1
electron-mksnapshot,1
portastic,1
to-semver,1
common-tags,1
dotenv-webpack,1
cordova-plugin-compat,1
istanbul-coveralls,1
@types/angular-animate,1
gulp-protractor,1
botframework-connector,1
react-native-keyboard-aware-scroll-view,1
react-native-fetch-blob,1
turf-centroid,1
turf-line-distance,1
dotnet-2.1,1
d3-brush,1
d3-chord,1
@microsoft/fast-components-foundation-react,1
require-dir,1
@tensorflow/tfjs-converter,1
node-simple-timer,1
git-url-parse,1
azure,1
tonal,1
@tensorflow-models/coco-ssd,1
@types/winrt-uwp,1
@fuselab/ui-adal,1
@metaparticle/sync,1
to-title-case,1
react-materialize,1
@types/debounce,1
jquery-csv,1
wrap-ansi,1
common-log-string,1
@angular2-material/progress-bar,1
css-to-style,1
@ngrx/schematics,1
babel-plugin-styled-components,1
@chart-parts/builder,1
vega-dataflow,1
redux-dynamic-modules-thunk,1
vsts-task-tool-lib,1
@petejkim/react-scripts-ts-sass,1
add-asset-html-webpack-plugin,1
performance-polyfill,1
turbocolor,1
rollup-pluginutils,1
reactify,1
grunt-bump,1
@types/flux,1
ast-types,1
neo-async,1
makerjs-spokes-straight,1
dxf-parser-typings,1
code-push-plugin-testing-framework,1
v8-compile-cache,1
html2markdown,1
coffeescript,1
osenv,1
email-validator,1
csp-parse,1
broken-link,1
esmangle,1
ngimport,1
@types/clipboard,1
grunt-requirejs,1
asynquence-contrib,1
@types/gulp-typescript,1
ember-cli-app-version,1
ember-cli-qunit,1
broccoli-uglify-js,1
promises-es6-tests,1
is-json,1
uncss,1
remark-lint-no-blockquote-without-marker,1
vfile-statistics,1
fastmatter,1
npm-scripts-info,1
rangy,1
hash-files,1
@babel/code-frame,1
jest-pnp-resolver,1
pkg-up,1
pagination-control,1
todomvc-app-css,1
ecurve,1
@types/update-notifier,1
bourbon,1
@microsoft/ts-command-line,1
glob-escape,1
phantomjs-polyfill,1
sudo,1
@types/clean-css,1
@types/formidable,1
vue-style-loader,1
wsrelay,1
@types/redux-logger,1
inject-loader,1
@kadira/storybook,1
throat,1
cytoscape-dagre,1
metro-babel7-plugin-react-transform,1
moments,1
cntk-fastercnn,1
istanbul-reports,1
react-router-scroll,1
react-native-device-info,1
react-toolbox,1
require,1
hopscotch,1
rebound,1
react-favicon,1
@microsoft/recognizers-text-number-with-unit,1
@types/express-session,1
webpack-config-github,1
dont-sniff-mimetype,1
@types/redux-auth-wrapper,1
react-router-config,1
imagemin-gifsicle,1
is-string,1
lodash.isnumber,1
p-timeout,1
grunt-contrib-requirejs,1
json-parser,1
sleep-promise,1
anchorific,1
unirest,1
ejs-loader,1
@types/nightmare,1
@jupyterlab/services,1
node-has-native-dependencies,1
utils-merge,1
combined-stream,1
expand-brackets,1
ee-first,1
babel-plugin-transform-es2015-unicode-regex,1
sort-object,1
repeating,1
ansi-bold,1
babel-helper-regex,1
babel-generator,1
compute-flatten,1
babel-plugin-syntax-async-generators,1
grunt-clean,1
array-differ,1
find-cache-dir,1
angular2-router-loader,1
markdown-it-named-headers,1
gulp-atom-electron,1
@types/ncp,1
element-ready,1
relay-compiler-webpack-plugin,1
cordova-plugin-hockeyapp,1
serialport-lite,1
azure-cognitiveservices-luis-runtime,1
performance,1
react-native-progress,1
modernizr,1
react-addons-update,1
@types/node-dir,1
d3-voronoi,1
rollup-plugin-ascii,1
@microsoft/fast-development-site-react,1
modernizr-webpack-plugin,1
hexo-renderer-stylus,1
canvas,1
test,1
@kubernetes/typescript-node,1
fft.js,1
@tensorflow-models/posenet,1
@nguniversal/module-map-ngfactory-loader,1
